Zip Code,Senior Occupancy (SO),Senior Rent Burden (SRB),Senior Housing Stock (SHS),Comm Heath Center (CHC)
15001,18.83%,31.05%,16.03%,Yes
15003,16.93%,33.28%,45.95%,No
15005,20.99%,33.19%,12.24%,No
15006,13.15%,48.39%,100.00%,No
15009,23.37%,31.80%,19.66%,No
15010,19.52%,27.84%,25.58%,Yes
15012,17.99%,25.09%,19.32%,Yes
15014,18.76%,27.38%,53.76%,No
15015,20.63%,24.84%,33.33%,No
15017,20.90%,43.42%,13.00%,No
15018,11.70%,13.11%,36.07%,No
15019,19.59%,31.71%,19.15%,No
15021,19.69%,30.69%,32.16%,Yes
15022,20.47%,17.89%,36.04%,Yes
15024,22.62%,33.55%,16.77%,No
15025,18.13%,25.38%,22.61%,No
15026,13.86%,10.86%,9.52%,No
15027,22.71%,27.70%,11.94%,No
15028,21.71%,17.86%,48.28%,No
15030,13.28%,30.17%,71.55%,No
15031,24.88%,32.80%,52.80%,No
15033,20.87%,13.80%,54.70%,No
15034,24.36%,23.47%,25.61%,No
15035,17.29%,36.12%,45.63%,No
15037,21.94%,26.90%,16.34%,No
15042,22.36%,27.04%,16.39%,No
15043,17.14%,42.13%,21.33%,No
15044,16.28%,36.90%,7.37%,No
15045,17.15%,36.76%,42.45%,No
15046,20.60%,21.53%,16.33%,No
15049,28.22%,40.12%,6.67%,No
15050,13.27%,24.74%,18.18%,No
15051,29.94%,7.59%,86.08%,No
15052,20.38%,21.91%,7.66%,No
15055,21.70%,25.43%,17.20%,No
15056,18.98%,28.33%,38.30%,No
15057,14.58%,25.46%,30.10%,No
15059,18.41%,31.91%,32.78%,No
15060,17.65%,27.71%,57.30%,No
15061,19.87%,34.58%,14.40%,No
15062,25.70%,24.02%,23.61%,Yes
15063,22.92%,23.31%,35.22%,Yes
15064,7.05%,40.00%,60.00%,No
15065,17.49%,19.63%,31.13%,No
15066,17.57%,26.52%,38.60%,No
15067,22.71%,26.76%,27.83%,No
15068,18.98%,30.60%,20.04%,Yes
15071,16.82%,29.39%,18.93%,No
15074,18.07%,26.06%,23.70%,Yes
15076,15.48%,15.56%,100.00%,No
15077,10.37%,36.36%,63.64%,No
15078,16.63%,20.93%,41.86%,No
15081,16.70%,28.00%,36.54%,No
15083,26.59%,32.14%,22.16%,No
15084,16.03%,21.24%,39.31%,No
15085,21.74%,18.37%,14.79%,No
15087,4.37%,100.00%,100.00%,No
15088,12.74%,17.65%,56.86%,No
15089,19.81%,35.91%,19.35%,No
15090,11.41%,25.37%,5.29%,No
15101,18.09%,44.83%,7.10%,No
15102,19.52%,27.81%,5.33%,No
15104,16.41%,29.83%,48.86%,Yes
15106,19.42%,29.24%,26.49%,No
15108,14.93%,25.28%,11.80%,No
15110,13.61%,45.70%,44.38%,No
15112,13.28%,37.58%,32.38%,No
15116,22.16%,25.62%,11.51%,No
15120,19.00%,30.62%,28.58%,Yes
15122,21.19%,37.53%,10.79%,No
15126,11.73%,41.68%,12.10%,No
15129,16.00%,33.46%,5.45%,No
15131,26.16%,27.20%,21.94%,No
15132,18.42%,31.18%,45.78%,Yes
15133,19.95%,19.47%,11.38%,No
15135,23.14%,24.02%,10.27%,No
15136,14.55%,33.60%,37.05%,Yes
15137,17.49%,31.27%,10.34%,No
15139,24.98%,30.35%,26.08%,No
15140,16.97%,33.11%,45.04%,No
15142,7.47%,33.90%,20.34%,No
15143,17.47%,39.94%,18.48%,No
15144,16.88%,37.03%,32.24%,No
15145,18.78%,37.54%,21.94%,No
15146,21.33%,36.55%,5.94%,No
15147,23.86%,43.03%,15.97%,No
15148,17.68%,42.40%,53.05%,No
15201,14.82%,31.55%,47.94%,No
15202,14.70%,42.43%,49.58%,No
15203,11.87%,35.14%,72.25%,No
15204,13.78%,31.69%,51.39%,No
15205,13.98%,23.78%,34.01%,Yes
15206,15.70%,45.35%,50.29%,Yes
15207,16.65%,26.75%,52.17%,Yes
15208,17.03%,40.14%,49.92%,Yes
15209,17.97%,26.68%,24.29%,No
15210,11.57%,31.80%,58.27%,Yes
15211,15.64%,37.88%,59.17%,No
15212,15.06%,32.79%,50.23%,Yes
15213,8.82%,35.22%,38.39%,No
15214,15.13%,36.98%,36.65%,Yes
15215,16.96%,23.74%,32.91%,No
15216,13.65%,39.07%,52.66%,No
15217,17.50%,40.50%,43.21%,Yes
15218,14.35%,30.32%,60.03%,Yes
15219,11.33%,51.30%,31.73%,Yes
15220,17.55%,27.28%,12.69%,Yes
15221,17.81%,32.57%,33.43%,Yes
15222,9.48%,31.93%,38.25%,No
15223,15.79%,28.15%,40.57%,No
15224,15.29%,38.80%,72.68%,No
15225,20.97%,31.41%,22.70%,No
15226,17.23%,30.27%,28.56%,No
15227,16.94%,29.02%,19.17%,Yes
15228,14.46%,40.35%,29.72%,No
15229,15.54%,33.85%,28.14%,No
15232,10.88%,34.24%,42.52%,No
15233,7.35%,31.94%,48.15%,No
15234,20.15%,28.87%,9.28%,No
15235,18.78%,36.14%,8.85%,No
15236,20.51%,33.54%,10.01%,No
15237,19.96%,34.60%,6.18%,No
15238,23.19%,31.39%,12.15%,No
15239,18.75%,26.68%,8.39%,No
15241,18.66%,34.37%,6.24%,No
15243,29.00%,32.71%,8.34%,No
15301,18.89%,32.05%,19.63%,Yes
15310,21.99%,10.00%,60.00%,No
15311,16.54%,18.63%,11.90%,No
15312,15.23%,25.76%,49.14%,No
15313,24.93%,22.64%,42.86%,No
15314,16.09%,22.82%,26.28%,Yes
15315,24.13%,22.14%,77.37%,No
15317,19.37%,28.46%,16.01%,Yes
15320,17.78%,20.52%,13.58%,Yes
15321,17.79%,23.33%,10.00%,No
15322,19.63%,23.67%,27.42%,No
15323,17.52%,20.82%,36.21%,No
15324,27.52%,26.61%,71.31%,No
15325,9.67%,100.00%,51.43%,No
15327,15.33%,20.16%,20.29%,No
15329,16.29%,7.19%,24.26%,No
15330,15.02%,32.65%,16.53%,No
15331,18.91%,18.48%,43.48%,No
15332,20.58%,30.02%,3.20%,No
15333,17.95%,17.18%,51.84%,Yes
15337,17.40%,32.31%,43.48%,No
15338,17.49%,32.37%,28.89%,Yes
15340,12.04%,22.66%,15.63%,No
15341,19.69%,21.50%,35.45%,No
15342,19.43%,33.82%,23.40%,No
15344,18.18%,14.84%,45.61%,No
15345,18.06%,39.43%,44.10%,No
15346,19.23%,36.14%,74.70%,No
15347,34.23%,35.05%,100.00%,No
15348,16.31%,40.00%,87.50%,No
15349,21.29%,27.05%,45.20%,Yes
15351,34.20%,61.29%,94.47%,No
15352,15.10%,35.21%,48.75%,No
15357,24.88%,25.00%,20.56%,No
15358,14.46%,23.96%,24.76%,No
15360,17.85%,12.36%,45.03%,No
15362,18.23%,33.33%,27.36%,No
15363,26.79%,26.55%,30.09%,No
15364,21.14%,25.00%,38.30%,No
15367,7.61%,28.47%,10.25%,No
15368,18.43%,47.83%,75.86%,No
15370,12.46%,15.80%,30.43%,Yes
15376,17.46%,31.82%,42.04%,No
15377,11.58%,17.02%,53.19%,No
15379,19.09%,21.43%,75.00%,No
15380,17.52%,16.18%,58.57%,No
15401,20.78%,30.87%,25.92%,Yes
15410,16.83%,32.61%,65.22%,No
15411,26.35%,30.19%,16.00%,No
15412,14.42%,39.02%,40.48%,No
15417,22.15%,17.51%,40.86%,Yes
15419,12.04%,28.61%,21.01%,Yes
15420,5.20%,100.00%,77.78%,No
15422,3.70%,100.00%,100.00%,No
15423,20.81%,13.13%,22.01%,No
15424,23.67%,29.97%,31.99%,No
15425,17.80%,24.95%,27.82%,Yes
15427,18.87%,12.67%,53.61%,No
15428,19.57%,27.45%,42.53%,No
15430,6.53%,50.00%,50.00%,No
15431,19.51%,35.74%,33.92%,No
15432,27.50%,48.68%,13.58%,No
15433,36.17%,25.32%,58.44%,No
15434,30.82%,11.11%,65.96%,No
15435,7.63%,15.79%,84.21%,No
15436,17.21%,19.47%,23.44%,Yes
15437,17.60%,17.35%,35.35%,No
15438,26.03%,8.96%,47.54%,No
15442,24.51%,22.71%,52.52%,No
15443,31.52%,19.61%,72.55%,No
15445,21.36%,24.29%,17.97%,No
15446,68.83%,43.75%,57.14%,No
15451,8.26%,34.25%,31.17%,No
15455,26.57%,27.91%,89.23%,No
15456,18.21%,30.24%,22.99%,No
15458,11.69%,39.88%,65.05%,No
15459,23.39%,32.79%,13.97%,No
15461,16.81%,25.12%,44.76%,No
15464,15.42%,16.78%,16.78%,No
15466,16.95%,26.19%,60.42%,No
15467,23.62%,31.58%,68.42%,No
15468,20.91%,12.59%,58.84%,No
15469,16.14%,11.44%,6.83%,No
15470,17.04%,59.14%,41.94%,No
15473,21.09%,18.61%,24.51%,No
15474,17.59%,20.36%,44.39%,No
15475,11.93%,21.00%,66.00%,Yes
15477,26.38%,24.31%,59.03%,No
15478,15.70%,19.68%,28.34%,No
15479,20.49%,15.95%,48.24%,No
15480,25.05%,23.21%,24.49%,No
15482,34.73%,6.10%,93.02%,No
15483,23.95%,6.78%,44.78%,No
15486,17.15%,18.94%,44.35%,No
15490,20.92%,11.39%,26.58%,No
15492,41.79%,50.00%,33.33%,No
15501,20.71%,31.34%,18.84%,No
15521,14.76%,31.43%,26.70%,No
15522,24.43%,28.11%,29.89%,No
15530,20.32%,20.21%,35.35%,No
15531,18.94%,32.73%,24.80%,No
15533,14.18%,17.19%,24.29%,No
15534,22.26%,18.80%,26.67%,No
15535,22.03%,25.10%,23.96%,No
15536,20.89%,19.61%,35.71%,No
15537,22.18%,27.34%,22.48%,Yes
15538,23.15%,25.00%,22.52%,No
15540,31.82%,10.42%,45.10%,No
15541,13.45%,24.84%,27.67%,No
15542,12.70%,26.88%,45.36%,No
15545,19.50%,23.22%,32.46%,No
15546,8.72%,57.69%,57.69%,No
15547,24.69%,21.54%,17.91%,No
15550,20.96%,21.03%,31.72%,No
15551,19.10%,29.59%,29.46%,No
15552,18.94%,23.11%,38.06%,No
15554,19.91%,30.22%,27.22%,No
15557,19.05%,25.50%,26.42%,No
15558,19.08%,28.03%,37.97%,No
15559,23.92%,32.57%,30.89%,No
15560,12.22%,12.50%,41.18%,No
15561,16.77%,40.00%,30.00%,No
15562,28.03%,13.04%,53.85%,No
15563,20.50%,28.15%,41.11%,No
15564,7.78%,66.67%,83.33%,No
15601,21.07%,24.97%,16.85%,No
15610,15.38%,23.88%,10.80%,No
15611,15.67%,5.17%,10.34%,No
15612,47.17%,7.69%,17.31%,No
15613,20.82%,23.90%,18.34%,No
15617,14.76%,30.00%,45.16%,No
15618,23.34%,25.43%,37.96%,No
15620,24.83%,13.33%,43.05%,No
15622,21.00%,57.28%,8.92%,No
15623,31.78%,43.55%,37.90%,No
15624,4.83%,23.53%,76.47%,No
15626,24.20%,38.63%,8.30%,No
15627,18.02%,24.12%,39.24%,No
15628,17.55%,35.85%,5.66%,No
15629,18.46%,19.39%,95.00%,No
15631,14.27%,27.50%,77.27%,No
15632,18.65%,31.36%,20.09%,No
15634,6.81%,54.55%,24.24%,No
15635,23.70%,50.00%,50.00%,No
15636,10.47%,40.76%,2.88%,No
15637,16.42%,34.85%,52.66%,No
15639,13.35%,10.40%,36.45%,No
15641,25.12%,11.25%,28.75%,No
15642,18.14%,21.29%,7.62%,No
15644,19.90%,32.05%,29.67%,No
15646,23.50%,27.27%,27.27%,No
15650,20.20%,27.13%,19.14%,No
15655,30.21%,15.00%,81.71%,No
15656,20.92%,26.41%,21.67%,No
15658,28.42%,34.38%,22.50%,No
15661,5.63%,47.06%,33.33%,No
15663,27.03%,25.68%,14.47%,No
15665,12.59%,28.79%,49.01%,No
15666,22.60%,21.46%,29.97%,No
15668,23.34%,24.67%,3.74%,No
15670,25.58%,27.07%,24.35%,No
15672,19.59%,26.61%,19.23%,No
15673,15.64%,30.61%,36.31%,No
15675,9.65%,53.26%,36.96%,No
15677,19.34%,49.12%,33.82%,No
15678,41.78%,39.78%,50.54%,No
15679,11.70%,24.25%,27.99%,No
15681,15.90%,26.00%,34.13%,No
15683,18.94%,26.26%,38.35%,No
15684,27.07%,23.17%,59.77%,No
15686,19.48%,48.97%,53.10%,No
15687,21.69%,30.06%,15.95%,No
15688,14.29%,17.78%,37.78%,No
15690,18.05%,32.39%,48.31%,No
15691,47.31%,100.00%,100.00%,No
15692,11.20%,20.59%,42.65%,No
15695,51.39%,31.25%,71.25%,No
15697,17.29%,31.04%,26.04%,No
15698,27.47%,15.32%,49.55%,No
15701,14.89%,28.60%,15.02%,Yes
15710,8.63%,20.83%,100.00%,No
15711,15.72%,21.05%,52.17%,No
15712,20.16%,66.67%,50.00%,No
15714,16.72%,26.94%,40.07%,Yes
15715,12.89%,11.54%,59.62%,No
15717,20.18%,34.31%,25.45%,No
15721,19.44%,47.37%,66.67%,No
15722,21.85%,32.83%,45.24%,No
15724,20.97%,20.23%,27.41%,Yes
15725,18.55%,17.75%,32.76%,Yes
15727,18.75%,50.00%,100.00%,No
15728,17.90%,23.46%,49.32%,No
15729,16.22%,10.14%,48.05%,No
15732,12.24%,23.94%,46.21%,No
15733,16.67%,27.27%,100.00%,No
15736,25.64%,18.64%,20.83%,No
15737,8.18%,50.00%,100.00%,No
15739,10.42%,20.00%,100.00%,No
15742,13.29%,20.00%,26.60%,No
15744,19.58%,37.50%,72.73%,No
15745,32.54%,46.30%,25.93%,No
15746,29.25%,55.00%,45.00%,No
15747,18.38%,53.47%,25.96%,No
15748,19.29%,26.64%,38.15%,No
15753,16.06%,24.07%,9.26%,No
15756,13.93%,45.00%,59.09%,No
15757,15.89%,26.21%,40.85%,No
15759,15.15%,23.08%,31.02%,No
15761,10.08%,50.00%,50.00%,No
15762,20.67%,12.50%,20.54%,No
15764,15.68%,12.50%,10.53%,No
15765,15.42%,9.03%,25.81%,No
15767,18.33%,34.08%,36.33%,Yes
15770,25.83%,11.11%,36.36%,No
15771,18.02%,22.22%,37.25%,No
15772,15.69%,16.13%,54.48%,No
15773,24.39%,8.33%,63.49%,No
15774,19.65%,19.12%,12.70%,No
15775,34.56%,35.77%,54.62%,No
15778,13.83%,4.76%,80.95%,No
15780,14.37%,50.00%,70.00%,No
15784,20.29%,16.67%,66.67%,No
15801,20.65%,22.21%,26.53%,No
15821,30.67%,64.29%,35.71%,No
15823,16.14%,13.19%,24.26%,No
15824,18.17%,23.09%,31.99%,No
15825,22.12%,24.33%,33.93%,No
15828,37.32%,19.44%,9.46%,No
15829,18.27%,12.99%,43.13%,No
15832,27.16%,18.97%,40.00%,No
15834,21.96%,22.82%,33.90%,Yes
15840,18.75%,35.78%,33.06%,No
15845,20.19%,24.63%,43.09%,No
15846,13.61%,10.43%,19.33%,Yes
15847,24.14%,37.50%,54.55%,No
15848,12.30%,22.47%,29.21%,No
15849,19.50%,14.69%,25.87%,No
15851,18.72%,27.52%,42.13%,No
15853,15.80%,20.45%,44.96%,No
15856,16.78%,19.48%,20.99%,No
15857,23.39%,30.69%,30.01%,No
15860,29.14%,14.04%,31.28%,No
15861,52.07%,23.53%,32.35%,Yes
15863,5.17%,37.50%,75.00%,No
15864,17.46%,8.06%,44.67%,No
15865,16.15%,25.85%,32.69%,No
15866,20.31%,5.00%,65.00%,No
15868,27.64%,17.05%,23.46%,No
15870,21.37%,14.59%,50.52%,No
15901,26.04%,41.13%,48.31%,No
15902,16.98%,24.92%,47.63%,No
15904,23.10%,30.16%,7.62%,No
15905,23.03%,29.15%,27.77%,No
15906,18.52%,17.50%,50.52%,No
15909,19.67%,19.83%,30.76%,No
15920,23.59%,15.08%,10.32%,No
15921,26.58%,29.41%,76.47%,No
15923,17.44%,14.97%,36.17%,Yes
15924,20.43%,19.01%,65.47%,No
15925,16.77%,31.58%,66.67%,No
15926,23.58%,28.65%,30.69%,No
15927,31.41%,38.46%,66.52%,No
15928,38.02%,42.06%,19.44%,No
15929,47.37%,22.22%,45.45%,No
15930,21.93%,100.00%,52.00%,No
15931,19.60%,33.27%,17.25%,No
15935,20.83%,25.81%,42.46%,No
15936,23.70%,36.27%,39.17%,No
15937,12.52%,30.77%,61.54%,No
15938,17.92%,25.76%,47.96%,No
15940,6.82%,25.49%,19.66%,No
15942,18.04%,32.92%,27.02%,No
15943,20.18%,22.59%,50.50%,No
15944,19.87%,26.68%,22.22%,No
15946,19.33%,26.46%,39.23%,No
15948,15.48%,43.37%,69.88%,No
15949,16.15%,14.52%,24.19%,No
15952,22.55%,19.90%,13.09%,No
15953,26.40%,40.63%,72.34%,No
15954,21.71%,37.21%,32.46%,No
15955,23.69%,23.18%,50.65%,No
15956,16.43%,12.80%,40.92%,No
15957,19.90%,18.75%,5.26%,No
15958,19.05%,17.31%,29.21%,No
15960,8.03%,10.81%,100.00%,No
15961,23.24%,14.29%,55.10%,No
15962,17.51%,42.86%,41.18%,No
15963,21.62%,38.53%,42.43%,No
16001,19.43%,27.93%,20.04%,No
16002,18.79%,23.27%,15.63%,No
16020,12.47%,39.51%,34.88%,No
16022,11.48%,20.83%,41.67%,No
16023,31.32%,55.69%,9.74%,No
16024,10.95%,13.33%,93.33%,No
16025,19.59%,18.17%,30.43%,No
16027,13.48%,45.00%,40.00%,No
16028,20.45%,21.95%,37.33%,Yes
16029,16.72%,19.72%,23.94%,No
16030,18.70%,20.00%,44.19%,No
16033,16.51%,29.79%,19.24%,No
16034,12.28%,39.16%,10.26%,No
16036,24.22%,18.75%,75.61%,No
16037,16.75%,19.11%,12.76%,No
16038,16.25%,28.33%,31.62%,No
16040,20.25%,20.83%,39.05%,No
16041,17.13%,25.79%,27.95%,No
16045,8.89%,36.99%,72.09%,No
16046,11.17%,25.85%,9.41%,No
16049,18.98%,25.81%,34.44%,No
16050,12.98%,14.88%,23.85%,Yes
16051,17.73%,19.00%,16.43%,No
16052,17.78%,12.50%,19.20%,No
16053,18.81%,24.74%,13.96%,No
16054,25.07%,26.98%,38.10%,No
16055,18.12%,20.68%,12.77%,No
16056,21.37%,28.98%,13.44%,No
16057,10.06%,20.41%,18.84%,No
16059,20.72%,39.76%,8.24%,No
16061,17.74%,27.61%,19.56%,No
16063,24.15%,36.26%,11.62%,No
16066,10.05%,28.06%,2.37%,No
16101,19.03%,29.03%,31.55%,Yes
16102,17.20%,24.65%,44.23%,No
16105,23.14%,31.88%,14.65%,Yes
16110,23.48%,22.86%,54.05%,No
16111,15.86%,24.09%,18.06%,No
16112,17.93%,18.28%,30.41%,No
16113,22.60%,20.00%,4.26%,No
16114,12.80%,7.55%,25.45%,No
16115,16.91%,22.77%,18.51%,No
16116,16.20%,26.79%,27.02%,No
16117,18.90%,30.65%,31.93%,No
16120,18.73%,31.62%,33.59%,No
16121,19.78%,35.48%,39.04%,Yes
16123,15.89%,32.89%,18.84%,No
16124,16.94%,16.32%,28.35%,No
16125,21.15%,23.94%,21.05%,Yes
16127,16.52%,22.72%,24.26%,No
16130,20.61%,21.83%,25.47%,No
16131,17.90%,11.84%,30.12%,No
16133,16.73%,21.79%,28.66%,No
16134,22.27%,27.82%,24.47%,Yes
16136,22.60%,33.87%,32.26%,No
16137,18.16%,25.89%,21.15%,Yes
16141,13.43%,16.13%,23.26%,No
16142,16.25%,26.20%,28.79%,No
16143,23.36%,21.26%,21.26%,No
16145,21.29%,14.85%,29.53%,Yes
16146,15.82%,33.11%,40.76%,Yes
16148,24.49%,33.40%,9.67%,Yes
16150,18.28%,24.60%,29.19%,No
16153,20.67%,23.65%,30.46%,No
16154,23.45%,13.66%,22.09%,Yes
16156,17.18%,18.68%,21.51%,No
16157,21.78%,19.91%,22.98%,No
16159,21.54%,11.50%,18.31%,No
16160,21.04%,17.56%,18.67%,No
16161,16.73%,19.66%,11.76%,No
16201,21.95%,32.37%,27.97%,No
16210,15.33%,8.51%,31.91%,No
16211,16.51%,27.27%,54.55%,No
16212,20.96%,19.44%,73.68%,No
16214,13.05%,26.81%,32.24%,Yes
16218,17.91%,16.00%,15.48%,No
16222,17.29%,30.73%,30.67%,No
16223,22.22%,18.75%,12.00%,No
16224,15.16%,13.76%,30.58%,No
16226,20.62%,25.69%,26.56%,No
16228,18.16%,24.00%,39.22%,No
16229,15.24%,24.53%,30.22%,No
16230,19.82%,14.29%,51.92%,No
16232,17.90%,21.86%,29.46%,No
16233,20.19%,37.24%,21.85%,No
16235,17.76%,33.57%,33.55%,No
16236,27.93%,46.88%,53.13%,No
16238,12.16%,40.63%,51.52%,No
16239,12.06%,10.88%,30.43%,No
16240,17.01%,22.63%,48.13%,No
16242,21.91%,20.00%,35.93%,No
16244,30.99%,20.00%,60.00%,No
16245,31.63%,13.95%,72.09%,No
16246,15.83%,9.52%,76.19%,No
16248,16.39%,23.78%,37.11%,No
16249,15.05%,26.47%,23.33%,No
16254,22.51%,21.43%,24.54%,No
16255,23.70%,22.64%,39.35%,No
16256,6.97%,22.35%,28.26%,No
16258,12.60%,32.31%,34.23%,No
16259,21.22%,16.17%,37.25%,No
16262,18.45%,29.41%,21.99%,No
16263,10.24%,51.16%,48.84%,No
16301,16.82%,25.32%,42.80%,No
16311,13.21%,11.11%,32.76%,No
16313,18.04%,24.54%,28.90%,No
16314,16.55%,24.17%,25.05%,No
16316,24.23%,26.46%,19.09%,No
16317,17.49%,21.43%,22.29%,No
16319,15.52%,7.32%,28.79%,No
16322,33.56%,22.22%,77.78%,No
16323,21.62%,22.57%,43.06%,No
16326,10.61%,14.29%,40.48%,No
16327,15.80%,22.29%,46.45%,No
16329,16.97%,24.62%,16.92%,No
16333,15.77%,18.52%,77.42%,No
16334,20.74%,28.57%,26.32%,No
16335,17.88%,26.89%,27.84%,No
16340,22.70%,22.80%,22.96%,No
16341,22.53%,26.24%,33.33%,No
16342,20.01%,21.12%,30.64%,No
16344,15.36%,26.92%,75.93%,No
16345,22.25%,20.26%,23.53%,No
16346,19.40%,25.36%,21.20%,No
16347,16.61%,19.41%,66.67%,No
16350,14.59%,36.94%,42.65%,No
16351,21.76%,25.71%,31.65%,No
16352,20.50%,31.03%,62.50%,No
16353,35.18%,25.14%,21.43%,No
16354,19.56%,29.93%,42.19%,Yes
16360,16.56%,24.59%,45.04%,No
16362,12.10%,36.17%,25.74%,No
16364,15.88%,23.28%,35.20%,No
16365,20.88%,25.53%,36.44%,Yes
16370,33.33%,38.18%,36.36%,No
16371,25.91%,25.71%,30.33%,No
16372,13.02%,32.50%,33.33%,No
16373,18.22%,18.57%,37.47%,No
16374,28.97%,18.50%,21.02%,No
16401,12.09%,26.93%,28.91%,No
16402,22.73%,11.63%,21.98%,No
16403,14.54%,31.05%,33.70%,No
16404,15.13%,23.08%,36.23%,No
16405,11.84%,34.55%,44.62%,No
16406,19.16%,26.79%,32.48%,No
16407,16.41%,24.37%,35.37%,No
16410,13.28%,10.85%,43.85%,No
16411,14.54%,34.69%,17.01%,No
16412,13.25%,26.96%,25.39%,No
16415,17.54%,24.75%,13.96%,No
16416,17.08%,14.29%,61.90%,No
16417,17.70%,16.16%,12.09%,Yes
16420,19.25%,16.90%,24.66%,No
16421,23.00%,24.21%,9.42%,No
16423,15.22%,18.61%,23.58%,No
16424,22.65%,27.65%,23.94%,No
16426,12.84%,12.20%,12.35%,No
16428,14.18%,26.71%,19.84%,No
16433,17.12%,29.77%,29.92%,No
16434,10.74%,25.28%,50.24%,No
16435,13.97%,25.15%,43.41%,No
16436,19.77%,37.50%,25.00%,No
16438,18.19%,26.81%,33.18%,No
16440,14.77%,17.14%,38.36%,No
16441,15.26%,18.10%,19.77%,No
16442,14.08%,12.61%,33.33%,No
16443,16.22%,19.49%,18.64%,No
16501,33.75%,41.60%,28.28%,No
16502,11.67%,34.34%,64.64%,Yes
16503,7.10%,41.74%,66.80%,Yes
16504,15.76%,35.65%,20.45%,No
16505,19.81%,37.97%,19.40%,No
16506,17.83%,36.41%,5.01%,Yes
16507,9.71%,35.82%,59.51%,No
16508,14.01%,37.88%,31.16%,No
16509,20.00%,31.33%,5.93%,No
16510,14.95%,27.24%,12.72%,No
16511,17.83%,34.78%,22.92%,Yes
16601,16.88%,28.90%,41.56%,Yes
16602,18.53%,29.49%,38.85%,No
16611,19.51%,25.85%,30.23%,No
16613,15.29%,22.88%,37.80%,No
16616,17.39%,57.14%,60.00%,No
16617,16.01%,27.70%,40.56%,No
16619,13.92%,41.38%,44.83%,No
16620,23.51%,22.50%,20.00%,No
16621,24.75%,20.24%,14.56%,Yes
16622,13.90%,11.76%,11.76%,No
16623,21.99%,28.57%,41.25%,No
16625,14.85%,25.32%,22.57%,No
16627,17.82%,20.87%,33.46%,Yes
16630,16.78%,32.68%,33.52%,No
16631,59.57%,33.33%,100.00%,No
16633,23.08%,33.33%,70.00%,No
16634,22.71%,45.00%,53.66%,No
16635,21.14%,37.83%,8.48%,No
16636,20.05%,16.48%,32.99%,No
16637,20.43%,15.16%,10.97%,No
16638,32.43%,62.50%,25.00%,No
16639,18.35%,30.06%,28.89%,No
16640,19.93%,19.83%,18.97%,No
16641,14.78%,29.69%,48.12%,No
16645,20.13%,27.78%,61.11%,No
16646,18.80%,28.97%,48.36%,No
16647,23.16%,22.34%,25.24%,No
16648,21.58%,25.27%,28.49%,No
16650,15.92%,20.43%,33.49%,No
16651,12.75%,32.14%,41.41%,No
16652,15.98%,25.92%,31.68%,Yes
16655,13.85%,11.68%,30.56%,No
16656,18.03%,22.92%,27.74%,No
16657,25.20%,29.77%,17.12%,No
16659,14.58%,20.83%,50.00%,No
16661,15.07%,25.00%,49.06%,No
16662,25.31%,24.93%,23.62%,No
16664,15.49%,26.26%,39.13%,No
16665,16.08%,25.00%,62.50%,No
16666,18.27%,34.45%,37.86%,No
16667,12.60%,21.98%,33.67%,No
16668,19.74%,31.94%,50.88%,No
16669,17.61%,21.98%,37.70%,No
16671,13.94%,9.09%,47.83%,No
16673,20.52%,29.54%,27.45%,No
16674,17.93%,23.46%,44.71%,No
16678,18.11%,36.30%,44.82%,No
16679,24.91%,15.74%,51.22%,No
16680,24.07%,25.42%,46.77%,No
16683,22.02%,27.08%,53.57%,No
16685,35.26%,9.09%,15.15%,No
16686,18.06%,24.54%,32.05%,No
16689,33.33%,18.07%,22.89%,No
16691,20.57%,27.27%,51.43%,No
16692,14.39%,26.79%,29.31%,No
16693,16.13%,34.11%,45.47%,No
16694,32.37%,21.21%,75.76%,No
16695,15.26%,20.65%,32.63%,No
16701,15.96%,24.63%,39.23%,No
16720,20.43%,27.78%,22.56%,No
16725,7.95%,50.00%,50.00%,No
16726,26.25%,7.41%,30.59%,No
16729,14.69%,18.84%,63.77%,No
16731,19.17%,18.97%,30.79%,No
16733,23.05%,10.00%,33.33%,No
16734,21.84%,14.29%,85.71%,No
16735,20.06%,22.78%,53.74%,No
16738,9.60%,23.53%,39.38%,No
16740,20.82%,25.40%,63.50%,No
16743,17.90%,29.23%,32.27%,No
16745,16.55%,8.11%,55.70%,No
16746,18.80%,50.75%,35.46%,No
16748,26.25%,26.54%,41.15%,No
16749,21.96%,19.39%,34.94%,No
16750,16.11%,19.51%,18.75%,No
16801,9.93%,30.36%,9.41%,No
16803,11.17%,32.25%,6.18%,No
16820,17.77%,17.05%,53.44%,No
16821,6.35%,100.00%,100.00%,No
16822,16.63%,18.66%,32.00%,No
16823,14.37%,32.12%,12.53%,No
16827,17.61%,19.76%,9.95%,No
16828,23.69%,20.86%,10.83%,No
16829,19.80%,28.40%,14.81%,No
16830,19.88%,43.34%,32.70%,No
16832,10.88%,43.48%,55.10%,No
16833,24.14%,31.12%,30.07%,No
16835,12.50%,40.00%,60.00%,No
16836,15.53%,25.66%,37.60%,No
16838,15.72%,15.87%,38.97%,No
16839,16.01%,26.92%,74.36%,No
16840,24.08%,15.56%,27.78%,No
16841,17.73%,20.20%,27.20%,No
16844,14.79%,22.14%,11.35%,No
16845,13.71%,37.78%,33.33%,No
16847,37.43%,37.23%,68.09%,No
16848,17.09%,76.32%,7.89%,No
16849,27.14%,25.00%,25.00%,No
16852,11.85%,50.00%,29.17%,No
16853,14.75%,100.00%,100.00%,No
16854,19.34%,26.32%,37.07%,No
16855,47.65%,78.43%,70.59%,No
16858,16.86%,41.82%,8.21%,No
16859,15.32%,34.15%,31.82%,No
16860,16.95%,35.71%,25.37%,No
16861,26.95%,38.78%,52.00%,No
16863,14.29%,25.76%,28.57%,No
16865,15.44%,20.33%,8.54%,No
16866,17.83%,39.47%,28.04%,No
16868,9.90%,61.54%,30.77%,No
16870,9.27%,22.55%,10.42%,No
16872,16.65%,19.82%,45.76%,No
16874,15.30%,41.50%,20.73%,Yes
16875,13.40%,22.25%,38.96%,No
16876,16.82%,45.45%,38.24%,No
16877,21.70%,29.77%,25.78%,No
16878,15.02%,43.06%,18.92%,No
16879,13.40%,38.71%,83.87%,No
16881,15.91%,29.11%,45.99%,No
16882,8.77%,8.70%,34.78%,No
16901,21.32%,33.10%,34.22%,Yes
16911,17.91%,27.27%,23.91%,No
16912,17.49%,29.68%,40.09%,Yes
16914,17.30%,18.97%,35.85%,No
16915,20.35%,31.60%,27.99%,No
16917,19.43%,18.75%,42.86%,No
16920,17.86%,32.41%,43.67%,Yes
16921,20.44%,28.57%,32.88%,No
16922,22.72%,17.67%,38.46%,Yes
16923,19.74%,22.75%,38.61%,No
16925,18.49%,24.30%,21.53%,No
16926,19.79%,29.35%,38.00%,No
16927,21.04%,20.90%,35.44%,No
16928,17.65%,35.88%,46.76%,No
16929,19.16%,20.07%,15.41%,Yes
16930,17.01%,34.31%,31.54%,No
16932,16.67%,36.54%,23.64%,No
16933,17.29%,23.78%,31.03%,Yes
16935,17.79%,24.18%,21.15%,No
16936,21.29%,27.51%,31.28%,No
16937,11.40%,55.56%,73.33%,No
16938,17.24%,35.48%,53.52%,No
16939,10.02%,45.83%,65.38%,No
16940,13.43%,50.00%,7.14%,No
16941,7.00%,50.00%,50.00%,No
16942,16.73%,26.47%,41.43%,No
16943,30.49%,44.74%,34.18%,No
16946,17.48%,30.16%,21.64%,No
16947,23.30%,17.47%,30.60%,No
16948,20.69%,39.89%,38.83%,No
16950,21.67%,29.47%,41.03%,Yes
17002,14.88%,25.00%,27.27%,No
17003,18.49%,34.97%,19.80%,No
17004,21.01%,17.34%,26.75%,No
17005,10.61%,28.00%,60.71%,No
17006,13.39%,17.89%,46.39%,No
17007,16.05%,24.22%,20.74%,No
17009,17.74%,28.44%,39.91%,No
17011,18.99%,33.90%,8.80%,No
17013,17.45%,29.68%,15.08%,Yes
17015,16.87%,15.71%,10.85%,No
17017,22.88%,22.89%,27.80%,No
17018,15.17%,20.87%,31.83%,No
17019,15.80%,34.63%,11.24%,No
17020,16.29%,31.01%,21.15%,No
17021,24.48%,17.65%,31.45%,No
17022,19.25%,43.91%,17.30%,No
17023,16.67%,24.32%,38.27%,No
17024,14.64%,13.61%,24.84%,No
17025,13.41%,26.53%,8.85%,No
17026,14.96%,37.50%,19.43%,No
17030,16.91%,21.05%,34.62%,No
17032,16.25%,30.68%,29.33%,No
17033,16.24%,33.39%,12.49%,No
17034,14.81%,45.08%,48.36%,No
17035,15.90%,19.74%,21.95%,No
17036,15.04%,30.84%,11.28%,No
17037,17.18%,34.88%,39.77%,No
17038,10.52%,35.22%,16.03%,No
17040,16.12%,22.91%,27.78%,No
17042,19.45%,33.06%,23.99%,Yes
17043,15.19%,45.94%,33.33%,No
17044,19.58%,32.47%,30.92%,Yes
17045,16.29%,23.55%,27.36%,No
17046,14.32%,32.40%,22.95%,No
17047,12.90%,25.93%,26.79%,Yes
17048,16.92%,26.79%,52.88%,No
17049,15.87%,7.67%,11.73%,No
17050,16.32%,34.46%,3.29%,No
17051,19.25%,22.01%,19.96%,No
17052,20.75%,35.26%,40.56%,No
17053,15.69%,38.45%,23.37%,No
17055,19.71%,32.07%,11.13%,No
17057,15.71%,36.32%,17.95%,No
17058,17.03%,20.45%,44.29%,No
17059,22.85%,22.18%,15.95%,No
17060,21.50%,29.33%,21.15%,No
17061,24.46%,40.37%,29.91%,No
17062,16.80%,33.58%,30.68%,No
17063,20.19%,18.18%,38.92%,No
17064,42.45%,9.09%,69.09%,No
17065,13.05%,43.09%,17.19%,No
17066,19.24%,34.29%,34.98%,No
17067,20.58%,28.27%,12.20%,No
17068,16.44%,23.53%,23.54%,No
17069,22.52%,44.44%,55.56%,No
17070,14.98%,30.01%,24.42%,No
17071,27.27%,22.22%,28.57%,No
17073,12.26%,46.00%,38.19%,No
17074,14.42%,27.36%,36.43%,No
17075,34.78%,40.00%,48.00%,No
17077,6.82%,100.00%,100.00%,No
17078,19.09%,36.16%,9.65%,No
17080,9.29%,25.00%,83.33%,No
17081,36.97%,78.57%,78.57%,No
17082,17.55%,22.49%,25.25%,No
17084,20.94%,25.18%,21.93%,No
17086,21.32%,20.30%,25.26%,No
17087,17.65%,32.42%,22.22%,No
17088,25.05%,6.61%,20.66%,No
17090,12.44%,22.57%,6.43%,No
17093,18.29%,16.51%,20.18%,No
17094,17.60%,21.81%,14.29%,No
17097,15.76%,36.17%,71.13%,No
17098,18.59%,26.25%,62.41%,No
17099,22.42%,9.26%,83.95%,No
17101,20.27%,55.62%,21.91%,No
17102,11.32%,48.89%,44.92%,Yes
17103,8.46%,27.06%,47.36%,No
17104,9.21%,38.80%,39.65%,Yes
17109,17.74%,36.50%,6.91%,No
17110,14.04%,39.49%,16.68%,No
17111,13.50%,32.70%,7.74%,No
17112,16.33%,22.10%,4.75%,No
17113,13.95%,24.04%,35.11%,No
17201,17.66%,43.10%,21.02%,Yes
17202,18.91%,24.34%,10.20%,No
17211,23.63%,31.15%,33.33%,No
17212,14.20%,41.98%,33.33%,No
17213,16.74%,14.52%,35.48%,No
17214,19.63%,16.55%,16.76%,No
17215,24.02%,42.86%,20.00%,No
17217,3.66%,100.00%,100.00%,No
17220,12.17%,71.43%,100.00%,Yes
17221,20.68%,5.08%,23.73%,No
17222,28.15%,18.27%,5.25%,Yes
17223,11.25%,58.33%,25.00%,No
17224,21.87%,15.77%,17.31%,No
17225,13.84%,29.64%,16.06%,No
17228,14.87%,17.36%,35.34%,No
17229,22.31%,36.63%,31.11%,No
17233,18.71%,25.82%,18.15%,Yes
17236,17.12%,22.80%,27.86%,No
17237,10.88%,36.84%,19.85%,No
17238,21.60%,26.40%,31.98%,No
17240,10.45%,21.31%,30.46%,No
17241,16.80%,22.80%,18.59%,No
17243,11.62%,23.53%,33.12%,No
17244,16.51%,38.43%,8.98%,No
17249,19.77%,14.00%,60.00%,No
17252,20.61%,7.33%,21.76%,No
17253,12.07%,17.39%,46.43%,No
17255,18.92%,21.55%,29.13%,No
17257,12.25%,28.47%,17.28%,No
17260,19.56%,27.91%,36.43%,No
17262,13.23%,18.69%,15.79%,No
17264,21.70%,24.28%,29.62%,No
17266,14.51%,34.55%,30.91%,No
17267,18.08%,18.51%,20.53%,No
17268,17.00%,29.47%,25.30%,No
17271,21.85%,33.33%,47.62%,No
17272,28.65%,28.79%,21.21%,No
17301,17.24%,32.75%,22.86%,No
17302,12.32%,31.75%,32.13%,No
17304,14.10%,36.89%,38.11%,No
17306,14.55%,46.88%,21.88%,No
17307,15.08%,18.10%,30.57%,No
17309,17.85%,45.00%,15.04%,No
17311,20.70%,86.67%,50.00%,No
17313,19.11%,38.21%,29.02%,No
17314,9.71%,29.59%,34.95%,No
17315,13.71%,34.35%,17.69%,No
17316,14.70%,23.38%,24.68%,No
17317,5.36%,53.85%,53.57%,No
17319,9.02%,25.72%,6.61%,No
17320,18.20%,28.72%,18.90%,No
17321,15.07%,30.85%,24.26%,No
17322,11.91%,39.00%,19.82%,No
17324,19.68%,22.42%,17.17%,No
17325,19.21%,29.19%,18.52%,Yes
17327,19.04%,21.10%,21.26%,No
17329,14.73%,50.25%,13.93%,No
17331,17.44%,33.76%,14.11%,Yes
17339,14.30%,27.90%,10.42%,Yes
17340,15.68%,35.13%,18.26%,No
17344,18.28%,39.13%,32.21%,No
17345,13.93%,40.81%,18.22%,No
17347,15.50%,22.47%,19.76%,No
17349,16.68%,32.64%,20.66%,No
17350,18.34%,35.76%,19.16%,No
17352,14.60%,54.46%,6.09%,No
17353,12.53%,34.12%,11.95%,No
17356,16.42%,36.07%,21.44%,No
17360,14.60%,36.96%,9.24%,No
17361,20.24%,33.95%,5.31%,No
17362,15.49%,32.36%,21.11%,No
17363,17.07%,46.99%,9.53%,No
17364,13.94%,37.37%,27.34%,No
17365,22.36%,30.00%,31.25%,No
17366,11.51%,32.78%,14.88%,No
17368,16.36%,29.91%,30.45%,No
17370,10.20%,27.48%,23.32%,No
17371,30.60%,20.00%,18.46%,No
17372,16.26%,28.61%,30.64%,No
17401,7.40%,45.85%,65.88%,Yes
17402,18.43%,41.48%,7.24%,No
17403,15.18%,33.10%,19.69%,Yes
17404,13.49%,39.64%,17.39%,No
17406,16.40%,35.66%,13.46%,No
17407,17.09%,19.67%,6.50%,No
17408,19.88%,32.62%,3.76%,No
17501,16.02%,33.00%,8.76%,No
17502,13.91%,29.44%,16.53%,No
17509,11.42%,21.80%,30.80%,No
17512,14.92%,33.62%,37.99%,No
17516,16.06%,30.60%,25.43%,No
17517,17.66%,27.24%,14.31%,No
17518,13.96%,18.97%,31.90%,No
17519,10.54%,18.65%,21.75%,No
17520,12.30%,35.24%,13.25%,No
17522,16.19%,37.09%,15.76%,No
17527,13.11%,43.05%,32.37%,No
17529,17.60%,29.34%,26.68%,No
17532,15.26%,25.71%,20.14%,No
17535,16.25%,10.53%,11.11%,No
17536,12.47%,23.63%,16.59%,No
17538,17.47%,44.55%,8.36%,No
17540,13.69%,33.89%,15.24%,No
17543,18.53%,39.69%,11.85%,No
17545,19.42%,33.06%,17.59%,No
17547,9.60%,19.77%,46.55%,No
17550,14.67%,64.47%,67.76%,No
17551,11.83%,28.22%,11.25%,No
17552,14.29%,29.42%,14.66%,No
17554,13.21%,47.46%,8.25%,No
17555,12.61%,27.84%,21.64%,No
17557,21.85%,41.75%,13.29%,Yes
17562,12.07%,39.12%,15.70%,No
17563,16.79%,27.52%,21.69%,No
17565,9.87%,40.34%,12.50%,No
17566,15.08%,29.31%,12.40%,No
17569,7.75%,34.87%,35.97%,No
17572,12.44%,31.87%,23.84%,No
17578,13.92%,31.03%,25.09%,No
17579,13.95%,30.33%,18.34%,No
17581,14.64%,28.26%,31.58%,No
17582,18.60%,29.36%,26.55%,No
17584,30.32%,55.79%,9.53%,No
17601,19.19%,34.26%,5.01%,No
17602,14.26%,46.61%,26.10%,Yes
17603,13.46%,32.76%,26.55%,Yes
17701,16.15%,37.85%,32.65%,Yes
17702,16.39%,34.12%,29.12%,No
17721,12.56%,28.40%,16.57%,No
17724,19.13%,25.81%,35.49%,No
17728,17.39%,22.57%,20.67%,No
17729,36.84%,11.76%,17.65%,No
17731,37.69%,22.45%,25.49%,No
17737,15.62%,32.58%,28.83%,No
17739,55.56%,30.00%,80.00%,No
17740,16.41%,28.24%,28.45%,No
17744,19.33%,41.07%,22.42%,No
17745,16.31%,28.69%,18.44%,No
17747,12.19%,30.43%,39.50%,No
17751,17.14%,28.03%,23.63%,No
17752,14.64%,30.15%,27.47%,No
17754,23.01%,29.15%,16.16%,No
17756,19.27%,21.87%,26.96%,No
17758,24.11%,27.27%,26.02%,No
17760,22.00%,26.37%,38.94%,No
17762,13.92%,12.96%,42.59%,No
17763,17.07%,20.69%,16.13%,No
17764,21.60%,30.56%,63.95%,No
17765,18.47%,33.64%,39.84%,No
17767,19.70%,77.27%,100.00%,No
17768,26.89%,40.91%,22.00%,No
17771,16.88%,19.69%,31.71%,No
17772,13.84%,27.32%,33.82%,No
17774,14.72%,32.38%,40.50%,No
17776,27.42%,16.33%,28.30%,No
17777,18.16%,25.62%,29.91%,No
17778,40.74%,13.64%,31.82%,No
17801,18.08%,29.61%,37.04%,No
17810,6.33%,22.68%,34.01%,No
17812,19.15%,31.08%,22.67%,No
17813,16.17%,34.09%,27.67%,No
17814,19.47%,30.56%,31.69%,No
17815,13.75%,31.48%,25.84%,No
17820,18.76%,32.68%,38.96%,No
17821,19.23%,23.57%,25.26%,No
17823,18.07%,18.49%,42.65%,No
17824,21.12%,31.49%,17.77%,No
17827,14.41%,19.12%,45.83%,No
17829,15.27%,47.62%,57.14%,No
17830,17.80%,26.83%,42.20%,No
17832,17.05%,54.74%,59.41%,No
17834,24.36%,39.69%,48.69%,No
17835,14.89%,39.13%,60.87%,No
17836,17.02%,16.00%,66.67%,No
17837,17.66%,30.52%,12.29%,No
17840,15.90%,25.81%,61.29%,No
17841,17.20%,27.89%,26.61%,No
17842,15.08%,28.53%,21.73%,No
17844,14.73%,18.17%,25.13%,No
17845,22.40%,26.59%,30.48%,No
17846,20.95%,26.44%,38.15%,No
17847,19.54%,29.61%,29.42%,No
17850,9.94%,56.25%,6.25%,No
17851,23.43%,23.98%,59.93%,No
17853,14.65%,28.20%,19.27%,No
17855,14.41%,24.42%,30.23%,No
17856,14.38%,32.31%,15.99%,No
17857,22.43%,31.02%,27.45%,No
17859,25.31%,36.95%,32.21%,No
17860,21.47%,15.32%,26.05%,No
17862,18.93%,41.82%,40.00%,No
17864,14.28%,28.16%,34.72%,No
17865,8.52%,54.55%,81.82%,No
17866,18.63%,28.20%,53.77%,Yes
17867,17.71%,9.09%,40.00%,No
17868,14.71%,29.81%,53.10%,No
17870,16.27%,26.38%,20.21%,No
17872,17.96%,33.95%,52.56%,No
17876,30.05%,25.47%,6.97%,No
17878,25.81%,27.81%,41.88%,No
17881,20.69%,21.65%,61.08%,No
17884,19.13%,5.26%,57.89%,No
17885,33.61%,7.41%,44.44%,No
17886,18.03%,28.24%,50.00%,No
17888,20.85%,53.33%,82.86%,No
17889,18.53%,17.41%,11.80%,No
17901,18.87%,29.15%,44.97%,No
17920,23.15%,49.06%,37.04%,No
17921,16.76%,34.77%,52.53%,No
17922,15.41%,26.92%,22.91%,No
17923,7.61%,32.14%,85.71%,No
17925,20.05%,17.31%,57.69%,No
17929,14.42%,23.81%,58.93%,No
17930,17.92%,30.19%,66.10%,No
17931,12.54%,36.93%,46.27%,No
17934,18.90%,49.02%,66.04%,No
17935,19.85%,27.51%,82.71%,No
17936,14.22%,34.94%,76.14%,No
17938,14.73%,19.20%,41.15%,No
17941,17.22%,27.38%,43.62%,No
17944,11.67%,73.68%,73.68%,No
17945,13.10%,88.89%,100.00%,No
17948,20.00%,31.87%,67.27%,No
17949,11.90%,34.78%,100.00%,No
17951,34.76%,50.00%,50.00%,No
17952,36.52%,32.26%,91.43%,No
17953,21.94%,24.59%,89.71%,No
17954,19.38%,34.42%,60.80%,Yes
17957,23.16%,77.92%,49.35%,No
17959,20.27%,37.36%,63.07%,No
17960,18.15%,29.28%,21.88%,No
17961,21.50%,34.68%,27.29%,No
17963,19.52%,20.02%,31.36%,No
17964,19.74%,22.06%,43.59%,No
17965,18.80%,25.68%,58.27%,No
17967,24.48%,30.77%,43.51%,No
17968,26.77%,19.51%,36.59%,No
17970,18.18%,45.48%,78.19%,No
17972,18.42%,36.88%,35.01%,No
17974,42.48%,22.95%,56.06%,No
17976,19.28%,29.73%,64.17%,No
17978,30.97%,20.00%,56.67%,No
17979,63.80%,24.53%,43.40%,No
17980,20.44%,22.65%,42.99%,No
17981,21.86%,27.95%,54.78%,No
17982,17.95%,15.38%,86.67%,No
17983,23.67%,35.68%,24.56%,No
17985,17.86%,35.38%,17.69%,No
18011,13.45%,38.89%,24.75%,No
18013,17.85%,38.44%,35.92%,No
18014,21.28%,37.45%,17.83%,No
18015,10.93%,35.50%,37.19%,No
18017,21.25%,34.98%,6.08%,No
18018,16.30%,40.88%,29.53%,No
18020,18.70%,41.28%,7.90%,No
18030,20.34%,37.50%,76.32%,No
18031,11.32%,55.78%,2.29%,No
18032,15.87%,31.65%,49.00%,No
18034,9.96%,42.26%,7.25%,No
18036,19.56%,31.40%,18.97%,No
18037,16.86%,22.30%,29.66%,No
18038,16.51%,20.15%,19.03%,No
18040,15.96%,37.57%,11.49%,No
18041,12.76%,22.65%,25.06%,No
18042,13.29%,37.16%,49.23%,No
18045,21.14%,40.90%,4.32%,No
18049,16.53%,34.88%,25.62%,No
18051,11.43%,10.85%,5.66%,No
18052,17.41%,40.49%,17.22%,No
18053,14.53%,35.05%,25.70%,No
18054,16.32%,43.68%,24.47%,No
18055,19.56%,35.67%,23.43%,No
18056,28.46%,43.57%,22.86%,No
18058,15.47%,42.67%,6.70%,No
18062,18.17%,34.24%,4.06%,No
18063,20.33%,74.55%,34.62%,No
18064,18.17%,41.23%,27.48%,No
18066,15.01%,42.36%,18.94%,No
18067,15.54%,33.02%,24.24%,No
18069,13.97%,43.76%,8.77%,No
18071,18.93%,36.57%,32.36%,No
18072,13.38%,49.49%,34.04%,No
18073,16.12%,37.59%,21.68%,No
18074,14.27%,23.57%,17.57%,No
18076,20.09%,38.60%,11.40%,No
18077,14.14%,43.48%,36.36%,No
18078,14.49%,32.26%,6.16%,No
18079,17.15%,100.00%,100.00%,No
18080,16.74%,42.82%,26.72%,No
18083,24.94%,53.03%,64.71%,No
18085,17.75%,17.65%,35.29%,No
18087,6.87%,55.56%,22.22%,No
18088,20.05%,38.60%,10.89%,No
18091,20.73%,54.55%,20.13%,No
18092,19.86%,40.85%,28.65%,No
18101,10.34%,51.16%,55.63%,No
18102,9.04%,38.53%,51.61%,Yes
18103,14.92%,32.57%,15.73%,No
18104,20.71%,34.10%,12.80%,No
18106,20.22%,47.15%,1.43%,No
18109,12.15%,36.68%,17.42%,No
18201,14.21%,36.10%,39.32%,No
18202,22.12%,38.42%,19.00%,No
18210,14.21%,39.97%,3.22%,No
18211,20.47%,24.42%,58.72%,No
18212,10.53%,27.78%,44.44%,No
18214,17.88%,19.64%,43.59%,No
18216,25.59%,41.32%,72.19%,No
18218,18.14%,35.00%,69.57%,No
18219,25.92%,14.18%,8.43%,No
18220,23.02%,5.26%,96.49%,No
18221,13.68%,64.86%,64.86%,No
18222,18.67%,30.49%,23.23%,No
18224,19.46%,32.56%,71.76%,Yes
18229,17.22%,38.73%,35.54%,No
18231,17.05%,42.03%,46.38%,No
18232,16.27%,26.59%,70.11%,No
18234,12.43%,30.16%,14.29%,No
18235,18.69%,31.06%,20.96%,No
18237,17.54%,28.00%,55.47%,No
18239,24.12%,33.33%,66.67%,No
18240,24.43%,37.14%,54.77%,No
18241,14.49%,60.00%,64.06%,Yes
18242,3.26%,50.00%,50.00%,No
18244,19.96%,45.45%,41.82%,No
18245,30.04%,20.00%,79.27%,No
18246,18.52%,18.52%,100.00%,No
18248,17.89%,30.19%,47.17%,No
18249,17.24%,39.57%,12.56%,No
18250,14.29%,39.70%,73.03%,No
18252,20.58%,33.06%,53.35%,No
18254,30.85%,31.29%,32.00%,No
18255,25.59%,38.68%,32.58%,No
18256,21.08%,28.26%,45.65%,No
18301,12.49%,54.59%,8.16%,No
18302,12.16%,37.42%,7.53%,No
18322,21.18%,35.83%,5.34%,No
18323,45.21%,30.77%,46.15%,No
18324,14.35%,29.70%,7.84%,No
18325,15.05%,40.37%,8.24%,No
18326,17.05%,33.67%,19.20%,No
18327,12.08%,58.49%,24.53%,No
18328,15.22%,40.60%,2.19%,No
18330,8.18%,45.61%,6.77%,No
18336,22.48%,46.35%,15.55%,No
18337,14.72%,37.81%,10.15%,Yes
18343,20.54%,35.93%,13.73%,No
18344,15.50%,56.12%,11.51%,No
18347,27.91%,34.27%,16.20%,No
18350,36.85%,26.38%,11.30%,No
18351,20.65%,47.62%,73.02%,No
18352,14.23%,68.27%,12.50%,No
18353,17.68%,34.31%,9.51%,No
18354,21.31%,39.64%,34.23%,No
18355,13.51%,56.93%,13.87%,No
18360,17.16%,41.86%,14.84%,No
18370,14.34%,37.68%,37.68%,No
18372,16.51%,44.69%,12.09%,No
18403,16.09%,29.32%,42.44%,No
18405,20.61%,30.69%,12.50%,No
18407,20.89%,36.08%,52.94%,No
18411,18.75%,35.16%,16.43%,No
18414,20.53%,24.01%,39.08%,No
18415,20.92%,36.36%,15.86%,No
18417,34.90%,24.75%,19.44%,No
18419,12.02%,26.02%,40.00%,No
18421,17.63%,33.19%,46.27%,Yes
18424,22.04%,31.05%,10.24%,No
18425,20.38%,18.75%,28.13%,No
18426,27.67%,25.14%,3.19%,No
18428,26.32%,26.71%,11.34%,Yes
18431,20.19%,33.47%,36.61%,Yes
18433,21.59%,28.46%,39.95%,No
18434,15.63%,42.12%,42.79%,No
18435,28.64%,49.52%,15.24%,No
18436,22.82%,43.84%,10.43%,Yes
18437,22.89%,29.41%,11.43%,No
18439,18.01%,24.32%,15.00%,Yes
18441,23.11%,64.52%,54.84%,No
18444,17.31%,35.29%,13.82%,No
18445,17.26%,27.36%,6.17%,No
18446,17.56%,39.02%,42.09%,No
18447,20.14%,30.69%,43.84%,No
18451,24.04%,45.56%,12.22%,No
18452,28.56%,41.75%,28.47%,No
18453,20.80%,37.72%,31.58%,No
18455,23.29%,33.33%,81.82%,No
18456,22.12%,40.63%,44.93%,No
18458,23.20%,47.80%,23.33%,No
18460,47.13%,18.06%,40.28%,No
18461,34.00%,38.10%,28.57%,No
18462,21.84%,38.24%,35.21%,No
18463,11.86%,14.29%,35.71%,No
18464,30.85%,48.46%,18.94%,Yes
18465,22.68%,36.17%,36.08%,No
18466,10.09%,39.35%,1.18%,No
18469,11.08%,82.61%,43.48%,No
18470,14.61%,29.11%,21.28%,No
18471,17.73%,40.00%,51.67%,No
18472,12.75%,23.96%,21.53%,Yes
18504,16.27%,44.22%,59.12%,No
18505,16.93%,42.26%,44.85%,No
18507,21.91%,29.72%,19.58%,No
18508,20.08%,40.17%,49.69%,No
18509,14.81%,40.11%,66.55%,Yes
18510,14.52%,39.14%,56.21%,No
18512,19.36%,27.50%,50.48%,No
18517,23.44%,34.08%,46.40%,No
18518,21.12%,37.40%,40.56%,No
18519,18.07%,44.19%,51.91%,No
18602,26.27%,26.00%,21.57%,No
18603,18.56%,37.08%,29.71%,No
18610,14.07%,56.99%,16.05%,No
18612,17.48%,31.51%,15.34%,No
18614,22.87%,32.72%,29.52%,No
18615,18.65%,20.69%,19.69%,Yes
18616,35.47%,24.74%,33.33%,No
18617,11.68%,49.62%,52.63%,No
18618,18.07%,40.40%,22.00%,No
18619,26.38%,36.59%,27.91%,No
18621,16.95%,25.37%,17.27%,No
18623,20.65%,31.97%,46.01%,No
18624,29.44%,61.05%,12.63%,No
18625,29.58%,35.90%,33.60%,No
18626,35.73%,26.47%,25.00%,No
18628,41.41%,18.37%,66.67%,No
18629,17.00%,27.12%,24.86%,No
18630,16.25%,31.07%,35.98%,No
18631,22.58%,34.17%,35.18%,No
18632,32.96%,28.75%,69.88%,No
18634,21.37%,37.12%,45.94%,No
18635,17.45%,28.50%,32.09%,No
18636,15.40%,33.86%,35.34%,Yes
18640,21.60%,40.38%,41.00%,No
18641,17.83%,34.78%,51.69%,No
18642,17.48%,25.09%,38.19%,No
18643,21.91%,34.56%,45.15%,No
18644,20.63%,34.60%,37.50%,No
18651,17.94%,28.23%,57.28%,No
18655,19.18%,36.57%,40.43%,Yes
18656,12.39%,20.69%,30.13%,No
18657,18.63%,29.17%,30.08%,No
18660,18.27%,26.21%,37.67%,No
18661,18.43%,40.57%,21.01%,No
18701,17.16%,45.79%,24.75%,Yes
18702,16.83%,36.78%,45.31%,No
18704,20.45%,36.76%,38.85%,No
18705,20.87%,25.37%,59.69%,No
18706,19.15%,40.50%,44.92%,No
18707,16.89%,26.32%,15.11%,No
18708,15.96%,24.33%,30.16%,No
18709,16.62%,35.71%,52.25%,No
18801,21.81%,29.36%,29.71%,Yes
18810,19.51%,32.00%,50.84%,No
18812,15.10%,30.50%,11.11%,No
18814,11.24%,54.55%,72.73%,No
18818,20.77%,30.97%,8.18%,No
18821,23.34%,47.68%,20.51%,No
18822,18.78%,23.96%,30.44%,Yes
18823,28.45%,38.64%,26.42%,No
18824,16.24%,28.26%,23.45%,No
18826,21.57%,15.53%,32.00%,No
18828,15.92%,38.46%,65.52%,No
18829,15.43%,18.75%,37.21%,No
18830,27.50%,20.88%,30.69%,No
18831,14.44%,31.20%,50.36%,No
18832,12.34%,22.29%,33.13%,No
18833,17.73%,26.74%,48.82%,No
18834,19.43%,19.95%,21.95%,No
18837,20.05%,23.91%,31.90%,No
18840,18.80%,31.79%,36.55%,No
18844,15.06%,39.02%,36.53%,No
18845,20.51%,25.71%,34.29%,No
18846,18.48%,20.20%,36.04%,No
18847,18.74%,37.34%,37.82%,Yes
18848,18.50%,29.44%,34.33%,No
18850,16.92%,24.06%,38.86%,No
18851,23.94%,30.48%,26.72%,No
18853,19.41%,22.30%,40.68%,No
18854,18.41%,23.65%,48.65%,No
18901,20.76%,46.78%,10.96%,No
18902,11.02%,36.39%,14.32%,No
18913,25.56%,100.00%,100.00%,No
18914,10.72%,41.51%,6.09%,No
18917,9.76%,70.48%,10.09%,No
18920,21.47%,80.00%,41.33%,No
18925,13.80%,34.37%,5.59%,No
18929,10.18%,48.58%,2.98%,No
18930,19.19%,19.84%,28.57%,No
18938,22.72%,42.63%,16.28%,No
18940,13.43%,36.70%,7.99%,No
18942,15.87%,19.03%,33.88%,No
18944,13.22%,36.52%,24.73%,No
18947,11.35%,60.00%,33.41%,No
18950,43.02%,53.23%,38.71%,No
18951,16.02%,47.15%,17.35%,No
18955,16.56%,41.44%,24.56%,No
18960,19.84%,45.15%,18.94%,No
18962,16.76%,8.51%,23.40%,No
18964,18.71%,36.79%,13.24%,No
18966,20.86%,40.56%,3.09%,No
18969,16.18%,49.61%,7.93%,No
18970,11.78%,42.55%,46.81%,No
18972,19.45%,51.25%,32.43%,No
18974,24.89%,45.04%,2.98%,No
18976,17.76%,37.22%,2.46%,No
18977,27.43%,33.06%,1.83%,No
19001,14.74%,48.89%,12.79%,No
19002,17.21%,39.14%,10.49%,No
19003,14.21%,37.06%,36.51%,No
19004,19.19%,43.11%,24.85%,No
19006,23.29%,33.67%,4.01%,No
19007,13.88%,52.00%,30.31%,No
19008,19.82%,34.25%,5.57%,No
19010,17.05%,39.45%,25.68%,No
19012,14.95%,34.62%,45.63%,No
19013,11.71%,49.11%,31.59%,Yes
19014,14.65%,36.79%,6.78%,No
19015,13.66%,37.77%,9.93%,No
19017,38.51%,58.46%,83.08%,No
19018,12.04%,47.88%,17.51%,No
19020,14.75%,48.00%,5.67%,No
19021,10.40%,59.73%,11.86%,No
19022,10.13%,23.53%,49.55%,No
19023,9.54%,40.08%,44.40%,No
19026,13.82%,47.66%,30.48%,No
19027,18.15%,45.71%,25.13%,No
19029,16.09%,36.41%,33.03%,No
19030,15.44%,44.81%,1.75%,No
19031,24.09%,36.79%,21.97%,No
19032,9.65%,33.90%,22.82%,No
19033,12.68%,30.23%,8.85%,No
19034,14.85%,36.05%,8.37%,No
19035,22.87%,29.60%,20.33%,No
19036,16.14%,41.09%,16.29%,No
19038,15.83%,39.00%,27.82%,No
19040,17.03%,38.43%,9.99%,No
19041,27.42%,34.08%,19.54%,No
19043,16.06%,60.16%,5.86%,No
19044,9.84%,43.25%,7.24%,No
19046,20.62%,38.63%,25.62%,No
19047,16.33%,39.84%,6.95%,No
19050,13.45%,43.88%,40.90%,No
19053,15.47%,39.47%,5.79%,No
19054,14.15%,33.60%,1.62%,No
19056,13.71%,35.20%,3.48%,No
19057,12.21%,34.04%,4.53%,No
19060,15.65%,27.71%,9.11%,No
19061,15.53%,46.35%,12.58%,No
19063,21.20%,41.18%,9.43%,No
19064,17.27%,41.16%,14.78%,No
19066,18.01%,34.62%,55.26%,No
19067,14.35%,38.04%,7.63%,No
19070,14.15%,41.41%,19.39%,No
19072,17.17%,28.77%,32.91%,No
19073,26.40%,48.05%,5.39%,No
19074,10.99%,36.41%,33.42%,No
19075,12.86%,34.63%,10.01%,No
19076,12.44%,42.07%,57.91%,No
19078,14.80%,47.69%,16.71%,No
19079,12.65%,43.96%,26.92%,No
19081,16.02%,39.08%,27.68%,No
19082,7.93%,41.11%,41.11%,Yes
19083,14.60%,37.98%,30.16%,No
19085,10.08%,38.93%,7.58%,No
19086,19.12%,37.48%,10.81%,No
19087,15.17%,37.20%,20.93%,No
19090,14.97%,47.42%,12.02%,No
19094,12.12%,26.22%,15.20%,No
19095,22.84%,56.87%,21.20%,No
19096,19.74%,43.63%,22.44%,No
19102,11.08%,16.71%,35.93%,Yes
19103,20.95%,42.63%,24.13%,No
19104,6.59%,48.10%,45.77%,Yes
19106,16.25%,34.33%,20.67%,No
19107,10.12%,50.19%,28.84%,Yes
19111,12.46%,51.13%,22.04%,No
19114,19.97%,40.49%,4.95%,No
19115,22.75%,43.95%,2.40%,No
19116,19.63%,47.84%,3.54%,No
19118,21.24%,47.70%,44.42%,No
19119,17.44%,44.75%,48.07%,No
19120,5.94%,52.43%,32.86%,Yes
19121,10.23%,42.26%,56.06%,Yes
19122,9.45%,45.80%,21.23%,Yes
19123,11.89%,44.59%,21.85%,Yes
19124,7.62%,36.03%,40.00%,Yes
19125,8.84%,26.06%,78.33%,No
19126,16.15%,38.74%,53.92%,No
19127,6.83%,35.19%,76.61%,No
19128,13.96%,41.03%,29.72%,No
19129,10.89%,30.62%,62.34%,Yes
19130,10.66%,39.33%,41.97%,Yes
19131,17.48%,47.14%,38.63%,No
19132,11.71%,44.22%,70.83%,Yes
19133,8.26%,44.25%,54.69%,Yes
19134,7.30%,43.05%,72.70%,Yes
19135,10.54%,37.10%,42.41%,No
19136,12.51%,39.02%,15.98%,No
19137,12.96%,31.64%,66.40%,No
19138,16.04%,40.20%,40.17%,No
19139,12.34%,40.99%,59.97%,Yes
19140,10.89%,46.04%,54.12%,Yes
19141,12.75%,43.28%,37.71%,Yes
19142,6.63%,41.59%,33.06%,No
19143,13.60%,37.55%,56.68%,Yes
19144,13.11%,42.74%,42.93%,Yes
19145,14.41%,37.75%,53.90%,Yes
19146,10.79%,44.74%,65.70%,Yes
19147,10.38%,36.15%,66.44%,Yes
19148,13.21%,33.60%,77.03%,No
19149,8.95%,35.79%,24.68%,Yes
19150,18.74%,39.34%,18.25%,Yes
19151,11.16%,38.71%,54.68%,No
19152,19.24%,39.20%,7.27%,No
19153,14.64%,37.10%,7.57%,No
19154,15.86%,30.61%,1.85%,No
19301,18.76%,41.04%,9.20%,No
19310,10.03%,33.85%,17.19%,No
19311,10.40%,33.83%,9.15%,No
19312,17.71%,52.05%,18.35%,No
19317,19.44%,31.09%,17.44%,No
19320,14.06%,41.26%,18.91%,Yes
19330,14.37%,38.38%,16.49%,No
19333,17.54%,41.17%,12.85%,No
19335,11.66%,39.60%,5.71%,No
19341,11.93%,48.58%,1.13%,No
19342,24.30%,50.98%,2.53%,No
19343,9.79%,36.36%,17.78%,No
19344,13.45%,55.15%,12.49%,No
19348,16.36%,45.35%,15.48%,Yes
19350,13.33%,37.71%,12.51%,No
19352,6.52%,28.57%,13.12%,No
19355,13.91%,35.14%,10.91%,No
19358,2.73%,25.00%,75.00%,No
19362,12.51%,36.63%,21.56%,No
19363,12.35%,40.79%,17.40%,Yes
19365,13.63%,49.59%,21.23%,No
19373,7.72%,26.03%,7.31%,No
19374,3.52%,20.83%,20.83%,No
19380,17.19%,44.21%,8.76%,No
19382,13.38%,33.88%,13.35%,No
19390,18.57%,35.67%,5.52%,No
19401,13.82%,51.31%,27.41%,Yes
19403,16.87%,39.37%,7.86%,No
19405,12.85%,44.68%,67.28%,No
19406,16.03%,39.66%,8.76%,No
19422,19.89%,36.53%,3.29%,No
19425,8.53%,44.57%,11.18%,No
19426,9.91%,39.70%,6.58%,No
19428,13.12%,39.01%,33.07%,No
19437,50.94%,28.57%,7.69%,No
19438,14.25%,43.41%,6.96%,No
19440,14.02%,38.76%,10.52%,No
19444,21.44%,30.93%,6.86%,No
19446,18.22%,42.21%,7.24%,No
19453,15.31%,70.53%,44.88%,No
19454,14.64%,36.11%,7.99%,No
19460,13.78%,38.75%,17.37%,No
19462,16.26%,36.38%,10.60%,No
19464,13.94%,44.88%,22.70%,Yes
19465,15.99%,37.92%,12.36%,No
19468,13.76%,44.47%,14.79%,No
19473,12.04%,36.63%,18.67%,No
19474,41.00%,60.40%,30.87%,No
19475,17.48%,33.49%,36.27%,No
19501,11.33%,22.03%,52.05%,No
19503,16.32%,37.50%,17.99%,No
19504,13.90%,37.41%,15.96%,No
19505,21.56%,44.01%,16.71%,No
19506,16.62%,33.78%,23.55%,No
19507,19.03%,31.65%,15.79%,No
19508,16.08%,34.45%,21.47%,No
19510,11.49%,32.31%,10.42%,No
19512,18.67%,43.03%,24.11%,No
19518,14.67%,41.07%,15.35%,No
19520,21.48%,42.49%,14.57%,No
19522,16.02%,22.81%,15.44%,No
19523,7.50%,100.00%,100.00%,No
19525,12.13%,38.06%,9.73%,No
19526,20.23%,41.21%,25.88%,No
19529,18.91%,28.45%,44.35%,No
19530,12.60%,36.76%,20.62%,No
19533,15.51%,36.26%,20.93%,No
19534,13.86%,34.86%,54.14%,No
19536,28.30%,17.98%,55.67%,No
19539,16.81%,31.87%,43.07%,No
19540,15.07%,30.39%,23.48%,No
19541,12.39%,51.10%,23.94%,No
19543,11.30%,39.80%,25.69%,No
19547,14.94%,8.31%,22.69%,No
19549,18.57%,40.00%,51.85%,No
19550,12.59%,28.57%,28.26%,No
19551,18.37%,25.89%,29.26%,No
19554,19.10%,20.45%,55.32%,No
19555,20.40%,31.50%,25.76%,No
19559,23.05%,38.30%,76.60%,No
19560,15.33%,43.18%,17.05%,No
19562,26.53%,35.80%,21.24%,No
19564,9.76%,100.00%,100.00%,No
19565,21.08%,37.34%,11.65%,No
19567,17.21%,34.99%,32.92%,No
19601,9.31%,58.57%,47.40%,No
19602,11.22%,38.17%,47.43%,Yes
19604,7.52%,37.45%,63.18%,No
19605,19.87%,36.88%,15.21%,No
19606,15.43%,35.65%,17.80%,No
19607,21.62%,44.95%,16.91%,No
19608,13.33%,34.04%,4.46%,No
19609,17.00%,37.15%,33.68%,No
19610,24.60%,40.35%,10.85%,No
19611,14.73%,46.00%,41.06%,No